"","outcome","est","pval"
"1","Overweight or obese",-0.00257806271909252,0.922657650228268
"2","Current or former smoking",-0.0511233328046795,0.0831604717347187
"3","Heavy drinking",-4.37881471652618e-05,0.999429072519451
"4","oth_sub",-0.166278371341848,0.0105173698836385
"5","Depression",-0.245903805727761,5.80574823507707e-05
