"","outcome","est","pval"
"1","My binary outcome 1",0.329532381609753,0.0103026259543435
"2","My binary outcome 2",0.455710027043266,0.000412827014860895
"3","My binary outcome 3",0.0963450493482443,0.452081575570877
"4","My binary outcome 4",-0.272113740360569,0.0336817395749314
"5","My binary outcome 5",0.101649606222526,0.730789712221208
