"","outcome","est","pval"
"1","My continuous outcome 1",0.369486963510922,7.39559746776308e-09
"2","My continuous outcome 2",0.245541147313446,0.000103566996625171
"3","My continuous outcome 3",0.210754807580538,0.000796955850413283
"4","My continuous outcome 4",0.259863679610838,6.50772765076191e-05
