"","outcome","est","pval"
"1","Marijuana use",-0.830989144028054,0.00700995226638312
"2","Anxiety",-1.11322971052349,0.0115992211566815
