"","outcome","est","pval"
"1","Marijuana use",-0.830989144028054,0.00700995226638312
"2","Anxiety",-1.11322971052349,0.0115992211566815
"3","Overweight or obese",0.0347235338327902,0.77175191757054
"4","Current or former smoking",-0.250551246751505,0.0231060326384345
"5","Heavy drinking",0.0115759702566415,0.946239988808701
"6","oth_sub",-0.360069869228263,0.052145851813002
"7","Depression",-0.549813329712025,0.00219023036917876
