"","outcome","est","pval"
"1","Marijuana use",-0.220098633833121,0.0496841120736045
"2","Anxiety",-0.483213265381641,0.00166171821152439
